participant_id,experiment_trial,trial,product,frame,rt_ms,rating,smart_shopper,check_utilitarian,check_hedonic,check_equal_value,check_understanding,age,gender,loyalty_freq,online_freq,retail_freq,loyalty_programs,self_report_choice,attention_check,loyalty_programs_clean,lp_cashback,lp_punch_card,lp_subscription,lp_points,lp_tiered,lp_other,loyalty_program_count,product_type
102,0,0,Coffee,discount,13923,5,5,5,4,4,5,21-25,Female,5,5,4,Cashback  (e.g: spend €100 --> get €5 back),Discounts,aquamarine,cashback  (e.g: spend €100 --> get €5 back),1,0,0,0,0,0,1,hedonic
102,0,1,Soap,discount,26818,5,5,5,4,4,5,21-25,Female,5,5,4,Cashback  (e.g: spend €100 --> get €5 back),Discounts,aquamarine,cashback  (e.g: spend €100 --> get €5 back),1,0,0,0,0,0,1,utilitarian
102,0,2,Candy Pack,discount,12904,5,5,5,4,4,5,21-25,Female,5,5,4,Cashback  (e.g: spend €100 --> get €5 back),Discounts,aquamarine,cashback  (e.g: spend €100 --> get €5 back),1,0,0,0,0,0,1,hedonic
102,0,3,Salt,discount,10584,5,5,5,4,4,5,21-25,Female,5,5,4,Cashback  (e.g: spend €100 --> get €5 back),Discounts,aquamarine,cashback  (e.g: spend €100 --> get €5 back),1,0,0,0,0,0,1,hedonic
102,0,4,Nutella,discount,17180,5,5,5,4,4,5,21-25,Female,5,5,4,Cashback  (e.g: spend €100 --> get €5 back),Discounts,aquamarine,cashback  (e.g: spend €100 --> get €5 back),1,0,0,0,0,0,1,hedonic
102,0,5,Toilet Paper,discount,5354,5,5,5,4,4,5,21-25,Female,5,5,4,Cashback  (e.g: spend €100 --> get €5 back),Discounts,aquamarine,cashback  (e.g: spend €100 --> get €5 back),1,0,0,0,0,0,1,utilitarian
102,0,6,Juice,discount,5854,5,5,5,4,4,5,21-25,Female,5,5,4,Cashback  (e.g: spend €100 --> get €5 back),Discounts,aquamarine,cashback  (e.g: spend €100 --> get €5 back),1,0,0,0,0,0,1,hedonic
102,0,7,Shampoo,discount,5499,5,5,5,4,4,5,21-25,Female,5,5,4,Cashback  (e.g: spend €100 --> get €5 back),Discounts,aquamarine,cashback  (e.g: spend €100 --> get €5 back),1,0,0,0,0,0,1,utilitarian
102,0,8,Cleanser,discount,11998,5,5,5,4,4,5,21-25,Female,5,5,4,Cashback  (e.g: spend €100 --> get €5 back),Discounts,aquamarine,cashback  (e.g: spend €100 --> get €5 back),1,0,0,0,0,0,1,utilitarian
102,0,9,Bleach,discount,8239,5,5,5,4,4,5,21-25,Female,5,5,4,Cashback  (e.g: spend €100 --> get €5 back),Discounts,aquamarine,cashback  (e.g: spend €100 --> get €5 back),1,0,0,0,0,0,1,utilitarian
101,0,0,Toilet Paper,discount,28047,3,3,4,4,4,4,21-25,Female,3,3,5,Cashback  (e.g: spend €100 --> get €5 back),Points,aquamarine,cashback  (e.g: spend €100 --> get €5 back),1,0,0,0,0,0,1,utilitarian
101,0,1,Bleach,points,9947,4,3,4,4,4,4,21-25,Female,3,3,5,Cashback  (e.g: spend €100 --> get €5 back),Points,aquamarine,cashback  (e.g: spend €100 --> get €5 back),1,0,0,0,0,0,1,utilitarian
101,0,2,Candy Pack,points,11248,4,3,4,4,4,4,21-25,Female,3,3,5,Cashback  (e.g: spend €100 --> get €5 back),Points,aquamarine,cashback  (e.g: spend €100 --> get €5 back),1,0,0,0,0,0,1,hedonic
101,0,3,Juice,points,6889,4,3,4,4,4,4,21-25,Female,3,3,5,Cashback  (e.g: spend €100 --> get €5 back),Points,aquamarine,cashback  (e.g: spend €100 --> get €5 back),1,0,0,0,0,0,1,hedonic
101,0,4,Coffee,discount,8747,4,3,4,4,4,4,21-25,Female,3,3,5,Cashback  (e.g: spend €100 --> get €5 back),Points,aquamarine,cashback  (e.g: spend €100 --> get €5 back),1,0,0,0,0,0,1,hedonic
101,0,5,Salt,points,5654,4,3,4,4,4,4,21-25,Female,3,3,5,Cashback  (e.g: spend €100 --> get €5 back),Points,aquamarine,cashback  (e.g: spend €100 --> get €5 back),1,0,0,0,0,0,1,hedonic
101,0,6,Shampoo,points,7015,4,3,4,4,4,4,21-25,Female,3,3,5,Cashback  (e.g: spend €100 --> get €5 back),Points,aquamarine,cashback  (e.g: spend €100 --> get €5 back),1,0,0,0,0,0,1,utilitarian
101,0,7,Nutella,points,4306,4,3,4,4,4,4,21-25,Female,3,3,5,Cashback  (e.g: spend €100 --> get €5 back),Points,aquamarine,cashback  (e.g: spend €100 --> get €5 back),1,0,0,0,0,0,1,hedonic
101,0,8,Soap,points,4097,4,3,4,4,4,4,21-25,Female,3,3,5,Cashback  (e.g: spend €100 --> get €5 back),Points,aquamarine,cashback  (e.g: spend €100 --> get €5 back),1,0,0,0,0,0,1,utilitarian
101,0,9,Cleanser,points,5734,4,3,4,4,4,4,21-25,Female,3,3,5,Cashback  (e.g: spend €100 --> get €5 back),Points,aquamarine,cashback  (e.g: spend €100 --> get €5 back),1,0,0,0,0,0,1,utilitarian
115,0,0,Soap,discount,18118,4,3,3,2,2,4,21-25,Female,2,3,4,"Punch Card (e.g: buy 9 coffees, get the 10th free), Point-based (e.g: spend €100 --> get €10 points)",Discounts,aquamarine,"punch card (e.g: buy 9 coffees, get the 10th free), point-based (e.g: spend €100 --> get €10 points)",0,1,0,1,0,0,2,utilitarian
115,0,1,Bleach,discount,12320,4,3,3,2,2,4,21-25,Female,2,3,4,"Punch Card (e.g: buy 9 coffees, get the 10th free), Point-based (e.g: spend €100 --> get €10 points)",Discounts,aquamarine,"punch card (e.g: buy 9 coffees, get the 10th free), point-based (e.g: spend €100 --> get €10 points)",0,1,0,1,0,0,2,utilitarian
115,0,2,Juice,points,15514,4,3,3,2,2,4,21-25,Female,2,3,4,"Punch Card (e.g: buy 9 coffees, get the 10th free), Point-based (e.g: spend €100 --> get €10 points)",Discounts,aquamarine,"punch card (e.g: buy 9 coffees, get the 10th free), point-based (e.g: spend €100 --> get €10 points)",0,1,0,1,0,0,2,hedonic
115,0,3,Nutella,discount,8222,3,3,3,2,2,4,21-25,Female,2,3,4,"Punch Card (e.g: buy 9 coffees, get the 10th free), Point-based (e.g: spend €100 --> get €10 points)",Discounts,aquamarine,"punch card (e.g: buy 9 coffees, get the 10th free), point-based (e.g: spend €100 --> get €10 points)",0,1,0,1,0,0,2,hedonic
115,0,4,Coffee,points,11903,4,3,3,2,2,4,21-25,Female,2,3,4,"Punch Card (e.g: buy 9 coffees, get the 10th free), Point-based (e.g: spend €100 --> get €10 points)",Discounts,aquamarine,"punch card (e.g: buy 9 coffees, get the 10th free), point-based (e.g: spend €100 --> get €10 points)",0,1,0,1,0,0,2,hedonic
115,0,5,Cleanser,discount,6139,3,3,3,2,2,4,21-25,Female,2,3,4,"Punch Card (e.g: buy 9 coffees, get the 10th free), Point-based (e.g: spend €100 --> get €10 points)",Discounts,aquamarine,"punch card (e.g: buy 9 coffees, get the 10th free), point-based (e.g: spend €100 --> get €10 points)",0,1,0,1,0,0,2,utilitarian
115,0,6,Salt,points,7639,4,3,3,2,2,4,21-25,Female,2,3,4,"Punch Card (e.g: buy 9 coffees, get the 10th free), Point-based (e.g: spend €100 --> get €10 points)",Discounts,aquamarine,"punch card (e.g: buy 9 coffees, get the 10th free), point-based (e.g: spend €100 --> get €10 points)",0,1,0,1,0,0,2,hedonic
115,0,7,Toilet Paper,points,5222,4,3,3,2,2,4,21-25,Female,2,3,4,"Punch Card (e.g: buy 9 coffees, get the 10th free), Point-based (e.g: spend €100 --> get €10 points)",Discounts,aquamarine,"punch card (e.g: buy 9 coffees, get the 10th free), point-based (e.g: spend €100 --> get €10 points)",0,1,0,1,0,0,2,utilitarian
115,0,8,Candy Pack,discount,11015,2,3,3,2,2,4,21-25,Female,2,3,4,"Punch Card (e.g: buy 9 coffees, get the 10th free), Point-based (e.g: spend €100 --> get €10 points)",Discounts,aquamarine,"punch card (e.g: buy 9 coffees, get the 10th free), point-based (e.g: spend €100 --> get €10 points)",0,1,0,1,0,0,2,hedonic
115,0,9,Shampoo,discount,12375,3,3,3,2,2,4,21-25,Female,2,3,4,"Punch Card (e.g: buy 9 coffees, get the 10th free), Point-based (e.g: spend €100 --> get €10 points)",Discounts,aquamarine,"punch card (e.g: buy 9 coffees, get the 10th free), point-based (e.g: spend €100 --> get €10 points)",0,1,0,1,0,0,2,utilitarian
120,0,0,Coffee,points,12036,4,4,4,2,4,3,21-25,Male,2,5,5,"Punch Card (e.g: buy 9 coffees, get the 10th free), Point-based (e.g: spend €100 --> get €10 points)",Discounts,aquamarine,"punch card (e.g: buy 9 coffees, get the 10th free), point-based (e.g: spend €100 --> get €10 points)",0,1,0,1,0,0,2,hedonic
120,0,1,Candy Pack,discount,14181,4,4,4,2,4,3,21-25,Male,2,5,5,"Punch Card (e.g: buy 9 coffees, get the 10th free), Point-based (e.g: spend €100 --> get €10 points)",Discounts,aquamarine,"punch card (e.g: buy 9 coffees, get the 10th free), point-based (e.g: spend €100 --> get €10 points)",0,1,0,1,0,0,2,hedonic
120,0,2,Toilet Paper,points,9791,5,4,4,2,4,3,21-25,Male,2,5,5,"Punch Card (e.g: buy 9 coffees, get the 10th free), Point-based (e.g: spend €100 --> get €10 points)",Discounts,aquamarine,"punch card (e.g: buy 9 coffees, get the 10th free), point-based (e.g: spend €100 --> get €10 points)",0,1,0,1,0,0,2,utilitarian
120,0,3,Cleanser,discount,13015,4,4,4,2,4,3,21-25,Male,2,5,5,"Punch Card (e.g: buy 9 coffees, get the 10th free), Point-based (e.g: spend €100 --> get €10 points)",Discounts,aquamarine,"punch card (e.g: buy 9 coffees, get the 10th free), point-based (e.g: spend €100 --> get €10 points)",0,1,0,1,0,0,2,utilitarian
120,0,4,Nutella,points,12208,4,4,4,2,4,3,21-25,Male,2,5,5,"Punch Card (e.g: buy 9 coffees, get the 10th free), Point-based (e.g: spend €100 --> get €10 points)",Discounts,aquamarine,"punch card (e.g: buy 9 coffees, get the 10th free), point-based (e.g: spend €100 --> get €10 points)",0,1,0,1,0,0,2,hedonic
120,0,5,Juice,discount,11944,5,4,4,2,4,3,21-25,Male,2,5,5,"Punch Card (e.g: buy 9 coffees, get the 10th free), Point-based (e.g: spend €100 --> get €10 points)",Discounts,aquamarine,"punch card (e.g: buy 9 coffees, get the 10th free), point-based (e.g: spend €100 --> get €10 points)",0,1,0,1,0,0,2,hedonic
120,0,6,Soap,points,20930,4,4,4,2,4,3,21-25,Male,2,5,5,"Punch Card (e.g: buy 9 coffees, get the 10th free), Point-based (e.g: spend €100 --> get €10 points)",Discounts,aquamarine,"punch card (e.g: buy 9 coffees, get the 10th free), point-based (e.g: spend €100 --> get €10 points)",0,1,0,1,0,0,2,utilitarian
120,0,7,Shampoo,discount,11944,5,4,4,2,4,3,21-25,Male,2,5,5,"Punch Card (e.g: buy 9 coffees, get the 10th free), Point-based (e.g: spend €100 --> get €10 points)",Discounts,aquamarine,"punch card (e.g: buy 9 coffees, get the 10th free), point-based (e.g: spend €100 --> get €10 points)",0,1,0,1,0,0,2,utilitarian
120,0,8,Bleach,discount,10847,3,4,4,2,4,3,21-25,Male,2,5,5,"Punch Card (e.g: buy 9 coffees, get the 10th free), Point-based (e.g: spend €100 --> get €10 points)",Discounts,aquamarine,"punch card (e.g: buy 9 coffees, get the 10th free), point-based (e.g: spend €100 --> get €10 points)",0,1,0,1,0,0,2,utilitarian
120,0,9,Salt,discount,5514,4,4,4,2,4,3,21-25,Male,2,5,5,"Punch Card (e.g: buy 9 coffees, get the 10th free), Point-based (e.g: spend €100 --> get €10 points)",Discounts,aquamarine,"punch card (e.g: buy 9 coffees, get the 10th free), point-based (e.g: spend €100 --> get €10 points)",0,1,0,1,0,0,2,hedonic
123,0,0,Cleanser,discount,84852,3,3,4,4,4,4,26-30,Female,4,2,4,"Cashback  (e.g: spend €100 --> get €5 back), Paid subscription (e.g: annual fee --> free shipping, early access, free trials)",Discounts,aquamarine,"cashback  (e.g: spend €100 --> get €5 back), paid subscription (e.g: annual fee --> free shipping, early access, free trials)",1,0,1,0,0,0,2,utilitarian
123,0,1,Coffee,points,15695,3,3,4,4,4,4,26-30,Female,4,2,4,"Cashback  (e.g: spend €100 --> get €5 back), Paid subscription (e.g: annual fee --> free shipping, early access, free trials)",Discounts,aquamarine,"cashback  (e.g: spend €100 --> get €5 back), paid subscription (e.g: annual fee --> free shipping, early access, free trials)",1,0,1,0,0,0,2,hedonic
123,0,2,Bleach,discount,21778,3,3,4,4,4,4,26-30,Female,4,2,4,"Cashback  (e.g: spend €100 --> get €5 back), Paid subscription (e.g: annual fee --> free shipping, early access, free trials)",Discounts,aquamarine,"cashback  (e.g: spend €100 --> get €5 back), paid subscription (e.g: annual fee --> free shipping, early access, free trials)",1,0,1,0,0,0,2,utilitarian
123,0,3,Juice,discount,13694,4,3,4,4,4,4,26-30,Female,4,2,4,"Cashback  (e.g: spend €100 --> get €5 back), Paid subscription (e.g: annual fee --> free shipping, early access, free trials)",Discounts,aquamarine,"cashback  (e.g: spend €100 --> get €5 back), paid subscription (e.g: annual fee --> free shipping, early access, free trials)",1,0,1,0,0,0,2,hedonic
123,0,4,Soap,points,13361,3,3,4,4,4,4,26-30,Female,4,2,4,"Cashback  (e.g: spend €100 --> get €5 back), Paid subscription (e.g: annual fee --> free shipping, early access, free trials)",Discounts,aquamarine,"cashback  (e.g: spend €100 --> get €5 back), paid subscription (e.g: annual fee --> free shipping, early access, free trials)",1,0,1,0,0,0,2,utilitarian
123,0,5,Toilet Paper,points,12737,4,3,4,4,4,4,26-30,Female,4,2,4,"Cashback  (e.g: spend €100 --> get €5 back), Paid subscription (e.g: annual fee --> free shipping, early access, free trials)",Discounts,aquamarine,"cashback  (e.g: spend €100 --> get €5 back), paid subscription (e.g: annual fee --> free shipping, early access, free trials)",1,0,1,0,0,0,2,utilitarian
123,0,6,Shampoo,points,15583,3,3,4,4,4,4,26-30,Female,4,2,4,"Cashback  (e.g: spend €100 --> get €5 back), Paid subscription (e.g: annual fee --> free shipping, early access, free trials)",Discounts,aquamarine,"cashback  (e.g: spend €100 --> get €5 back), paid subscription (e.g: annual fee --> free shipping, early access, free trials)",1,0,1,0,0,0,2,utilitarian
123,0,7,Salt,points,9181,2,3,4,4,4,4,26-30,Female,4,2,4,"Cashback  (e.g: spend €100 --> get €5 back), Paid subscription (e.g: annual fee --> free shipping, early access, free trials)",Discounts,aquamarine,"cashback  (e.g: spend €100 --> get €5 back), paid subscription (e.g: annual fee --> free shipping, early access, free trials)",1,0,1,0,0,0,2,hedonic
123,0,8,Nutella,points,13250,3,3,4,4,4,4,26-30,Female,4,2,4,"Cashback  (e.g: spend €100 --> get €5 back), Paid subscription (e.g: annual fee --> free shipping, early access, free trials)",Discounts,aquamarine,"cashback  (e.g: spend €100 --> get €5 back), paid subscription (e.g: annual fee --> free shipping, early access, free trials)",1,0,1,0,0,0,2,hedonic
123,0,9,Candy Pack,discount,16917,3,3,4,4,4,4,26-30,Female,4,2,4,"Cashback  (e.g: spend €100 --> get €5 back), Paid subscription (e.g: annual fee --> free shipping, early access, free trials)",Discounts,aquamarine,"cashback  (e.g: spend €100 --> get €5 back), paid subscription (e.g: annual fee --> free shipping, early access, free trials)",1,0,1,0,0,0,2,hedonic
110,0,0,Toilet Paper,discount,11210,3,4,4,1,3,4,26-30,Male,1,3,4,Don't use any,Discounts,aquamarine,don't use any,0,0,0,0,0,0,0,utilitarian
110,0,1,Shampoo,discount,7695,3,4,4,1,3,4,26-30,Male,1,3,4,Don't use any,Discounts,aquamarine,don't use any,0,0,0,0,0,0,0,utilitarian
110,0,2,Salt,discount,10320,3,4,4,1,3,4,26-30,Male,1,3,4,Don't use any,Discounts,aquamarine,don't use any,0,0,0,0,0,0,0,hedonic
110,0,3,Cleanser,discount,8400,3,4,4,1,3,4,26-30,Male,1,3,4,Don't use any,Discounts,aquamarine,don't use any,0,0,0,0,0,0,0,utilitarian
110,0,4,Coffee,discount,13766,3,4,4,1,3,4,26-30,Male,1,3,4,Don't use any,Discounts,aquamarine,don't use any,0,0,0,0,0,0,0,hedonic
110,0,5,Candy Pack,points,34793,2,4,4,1,3,4,26-30,Male,1,3,4,Don't use any,Discounts,aquamarine,don't use any,0,0,0,0,0,0,0,hedonic
110,0,6,Soap,discount,6500,4,4,4,1,3,4,26-30,Male,1,3,4,Don't use any,Discounts,aquamarine,don't use any,0,0,0,0,0,0,0,utilitarian
110,0,7,Bleach,discount,6181,4,4,4,1,3,4,26-30,Male,1,3,4,Don't use any,Discounts,aquamarine,don't use any,0,0,0,0,0,0,0,utilitarian
110,0,8,Juice,discount,6986,2,4,4,1,3,4,26-30,Male,1,3,4,Don't use any,Discounts,aquamarine,don't use any,0,0,0,0,0,0,0,hedonic
110,0,9,Nutella,discount,11320,3,4,4,1,3,4,26-30,Male,1,3,4,Don't use any,Discounts,aquamarine,don't use any,0,0,0,0,0,0,0,hedonic
117,0,0,Cleanser,points,21731,4,3,4,2,5,4,21-25,Female,4,3,5,"Punch Card (e.g: buy 9 coffees, get the 10th free), Point-based (e.g: spend €100 --> get €10 points), Tiered-based (e.g: bronze --> silver --> gold)",Discounts,aquamarine,"punch card (e.g: buy 9 coffees, get the 10th free), point-based (e.g: spend €100 --> get €10 points), tiered-based (e.g: bronze --> silver --> gold)",0,1,0,1,1,0,3,utilitarian
117,0,1,Bleach,discount,12820,4,3,4,2,5,4,21-25,Female,4,3,5,"Punch Card (e.g: buy 9 coffees, get the 10th free), Point-based (e.g: spend €100 --> get €10 points), Tiered-based (e.g: bronze --> silver --> gold)",Discounts,aquamarine,"punch card (e.g: buy 9 coffees, get the 10th free), point-based (e.g: spend €100 --> get €10 points), tiered-based (e.g: bronze --> silver --> gold)",0,1,0,1,1,0,3,utilitarian
117,0,2,Candy Pack,discount,13014,4,3,4,2,5,4,21-25,Female,4,3,5,"Punch Card (e.g: buy 9 coffees, get the 10th free), Point-based (e.g: spend €100 --> get €10 points), Tiered-based (e.g: bronze --> silver --> gold)",Discounts,aquamarine,"punch card (e.g: buy 9 coffees, get the 10th free), point-based (e.g: spend €100 --> get €10 points), tiered-based (e.g: bronze --> silver --> gold)",0,1,0,1,1,0,3,hedonic
117,0,3,Salt,discount,10195,4,3,4,2,5,4,21-25,Female,4,3,5,"Punch Card (e.g: buy 9 coffees, get the 10th free), Point-based (e.g: spend €100 --> get €10 points), Tiered-based (e.g: bronze --> silver --> gold)",Discounts,aquamarine,"punch card (e.g: buy 9 coffees, get the 10th free), point-based (e.g: spend €100 --> get €10 points), tiered-based (e.g: bronze --> silver --> gold)",0,1,0,1,1,0,3,hedonic
117,0,4,Soap,discount,18625,4,3,4,2,5,4,21-25,Female,4,3,5,"Punch Card (e.g: buy 9 coffees, get the 10th free), Point-based (e.g: spend €100 --> get €10 points), Tiered-based (e.g: bronze --> silver --> gold)",Discounts,aquamarine,"punch card (e.g: buy 9 coffees, get the 10th free), point-based (e.g: spend €100 --> get €10 points), tiered-based (e.g: bronze --> silver --> gold)",0,1,0,1,1,0,3,utilitarian
117,0,5,Juice,discount,9667,4,3,4,2,5,4,21-25,Female,4,3,5,"Punch Card (e.g: buy 9 coffees, get the 10th free), Point-based (e.g: spend €100 --> get €10 points), Tiered-based (e.g: bronze --> silver --> gold)",Discounts,aquamarine,"punch card (e.g: buy 9 coffees, get the 10th free), point-based (e.g: spend €100 --> get €10 points), tiered-based (e.g: bronze --> silver --> gold)",0,1,0,1,1,0,3,hedonic
117,0,6,Coffee,discount,8458,4,3,4,2,5,4,21-25,Female,4,3,5,"Punch Card (e.g: buy 9 coffees, get the 10th free), Point-based (e.g: spend €100 --> get €10 points), Tiered-based (e.g: bronze --> silver --> gold)",Discounts,aquamarine,"punch card (e.g: buy 9 coffees, get the 10th free), point-based (e.g: spend €100 --> get €10 points), tiered-based (e.g: bronze --> silver --> gold)",0,1,0,1,1,0,3,hedonic
117,0,7,Shampoo,discount,9292,4,3,4,2,5,4,21-25,Female,4,3,5,"Punch Card (e.g: buy 9 coffees, get the 10th free), Point-based (e.g: spend €100 --> get €10 points), Tiered-based (e.g: bronze --> silver --> gold)",Discounts,aquamarine,"punch card (e.g: buy 9 coffees, get the 10th free), point-based (e.g: spend €100 --> get €10 points), tiered-based (e.g: bronze --> silver --> gold)",0,1,0,1,1,0,3,utilitarian
117,0,8,Toilet Paper,discount,8652,4,3,4,2,5,4,21-25,Female,4,3,5,"Punch Card (e.g: buy 9 coffees, get the 10th free), Point-based (e.g: spend €100 --> get €10 points), Tiered-based (e.g: bronze --> silver --> gold)",Discounts,aquamarine,"punch card (e.g: buy 9 coffees, get the 10th free), point-based (e.g: spend €100 --> get €10 points), tiered-based (e.g: bronze --> silver --> gold)",0,1,0,1,1,0,3,utilitarian
117,0,9,Nutella,discount,9792,4,3,4,2,5,4,21-25,Female,4,3,5,"Punch Card (e.g: buy 9 coffees, get the 10th free), Point-based (e.g: spend €100 --> get €10 points), Tiered-based (e.g: bronze --> silver --> gold)",Discounts,aquamarine,"punch card (e.g: buy 9 coffees, get the 10th free), point-based (e.g: spend €100 --> get €10 points), tiered-based (e.g: bronze --> silver --> gold)",0,1,0,1,1,0,3,hedonic
121,0,0,Salt,discount,31044,3,2,2,4,3,4,21-25,Female,2,5,5,Cashback  (e.g: spend €100 --> get €5 back),Discounts,aquamarine,cashback  (e.g: spend €100 --> get €5 back),1,0,0,0,0,0,1,hedonic
121,0,1,Bleach,points,41440,2,2,2,4,3,4,21-25,Female,2,5,5,Cashback  (e.g: spend €100 --> get €5 back),Discounts,aquamarine,cashback  (e.g: spend €100 --> get €5 back),1,0,0,0,0,0,1,utilitarian
121,0,2,Juice,points,23903,4,2,2,4,3,4,21-25,Female,2,5,5,Cashback  (e.g: spend €100 --> get €5 back),Discounts,aquamarine,cashback  (e.g: spend €100 --> get €5 back),1,0,0,0,0,0,1,hedonic
121,0,3,Nutella,discount,15555,3,2,2,4,3,4,21-25,Female,2,5,5,Cashback  (e.g: spend €100 --> get €5 back),Discounts,aquamarine,cashback  (e.g: spend €100 --> get €5 back),1,0,0,0,0,0,1,hedonic
121,0,4,Shampoo,discount,15553,4,2,2,4,3,4,21-25,Female,2,5,5,Cashback  (e.g: spend €100 --> get €5 back),Discounts,aquamarine,cashback  (e.g: spend €100 --> get €5 back),1,0,0,0,0,0,1,utilitarian
121,0,5,Cleanser,points,15149,2,2,2,4,3,4,21-25,Female,2,5,5,Cashback  (e.g: spend €100 --> get €5 back),Discounts,aquamarine,cashback  (e.g: spend €100 --> get €5 back),1,0,0,0,0,0,1,utilitarian
121,0,6,Candy Pack,discount,14779,4,2,2,4,3,4,21-25,Female,2,5,5,Cashback  (e.g: spend €100 --> get €5 back),Discounts,aquamarine,cashback  (e.g: spend €100 --> get €5 back),1,0,0,0,0,0,1,hedonic
121,0,7,Toilet Paper,points,11497,3,2,2,4,3,4,21-25,Female,2,5,5,Cashback  (e.g: spend €100 --> get €5 back),Discounts,aquamarine,cashback  (e.g: spend €100 --> get €5 back),1,0,0,0,0,0,1,utilitarian
121,0,8,Soap,discount,11641,4,2,2,4,3,4,21-25,Female,2,5,5,Cashback  (e.g: spend €100 --> get €5 back),Discounts,aquamarine,cashback  (e.g: spend €100 --> get €5 back),1,0,0,0,0,0,1,utilitarian
121,0,9,Coffee,discount,8319,4,2,2,4,3,4,21-25,Female,2,5,5,Cashback  (e.g: spend €100 --> get €5 back),Discounts,aquamarine,cashback  (e.g: spend €100 --> get €5 back),1,0,0,0,0,0,1,hedonic
122,0,0,Bleach,discount,14031,4,4,4,3,4,5,<20,Female,2,4,3,Cashback  (e.g: spend €100 --> get €5 back),Discounts,aquamarine,cashback  (e.g: spend €100 --> get €5 back),1,0,0,0,0,0,1,utilitarian
122,0,1,Salt,discount,22903,4,4,4,3,4,5,<20,Female,2,4,3,Cashback  (e.g: spend €100 --> get €5 back),Discounts,aquamarine,cashback  (e.g: spend €100 --> get €5 back),1,0,0,0,0,0,1,hedonic
122,0,2,Cleanser,points,2778,4,4,4,3,4,5,<20,Female,2,4,3,Cashback  (e.g: spend €100 --> get €5 back),Discounts,aquamarine,cashback  (e.g: spend €100 --> get €5 back),1,0,0,0,0,0,1,utilitarian
122,0,3,Candy Pack,points,17094,5,4,4,3,4,5,<20,Female,2,4,3,Cashback  (e.g: spend €100 --> get €5 back),Discounts,aquamarine,cashback  (e.g: spend €100 --> get €5 back),1,0,0,0,0,0,1,hedonic
122,0,4,Toilet Paper,discount,8804,5,4,4,3,4,5,<20,Female,2,4,3,Cashback  (e.g: spend €100 --> get €5 back),Discounts,aquamarine,cashback  (e.g: spend €100 --> get €5 back),1,0,0,0,0,0,1,utilitarian
122,0,5,Soap,points,8114,5,4,4,3,4,5,<20,Female,2,4,3,Cashback  (e.g: spend €100 --> get €5 back),Discounts,aquamarine,cashback  (e.g: spend €100 --> get €5 back),1,0,0,0,0,0,1,utilitarian
122,0,6,Shampoo,discount,4999,5,4,4,3,4,5,<20,Female,2,4,3,Cashback  (e.g: spend €100 --> get €5 back),Discounts,aquamarine,cashback  (e.g: spend €100 --> get €5 back),1,0,0,0,0,0,1,utilitarian
122,0,7,Nutella,points,6431,3,4,4,3,4,5,<20,Female,2,4,3,Cashback  (e.g: spend €100 --> get €5 back),Discounts,aquamarine,cashback  (e.g: spend €100 --> get €5 back),1,0,0,0,0,0,1,hedonic
122,0,8,Coffee,discount,4665,5,4,4,3,4,5,<20,Female,2,4,3,Cashback  (e.g: spend €100 --> get €5 back),Discounts,aquamarine,cashback  (e.g: spend €100 --> get €5 back),1,0,0,0,0,0,1,hedonic
122,0,9,Juice,discount,4594,5,4,4,3,4,5,<20,Female,2,4,3,Cashback  (e.g: spend €100 --> get €5 back),Discounts,aquamarine,cashback  (e.g: spend €100 --> get €5 back),1,0,0,0,0,0,1,hedonic
124,0,0,Juice,points,39007,5,5,5,5,5,5,21-25,Male,2,2,5,"Paid subscription (e.g: annual fee --> free shipping, early access, free trials), Point-based (e.g: spend €100 --> get €10 points)",Discounts,aquamarine,"paid subscription (e.g: annual fee --> free shipping, early access, free trials), point-based (e.g: spend €100 --> get €10 points)",0,0,1,1,0,0,2,hedonic
124,0,1,Soap,discount,14681,5,5,5,5,5,5,21-25,Male,2,2,5,"Paid subscription (e.g: annual fee --> free shipping, early access, free trials), Point-based (e.g: spend €100 --> get €10 points)",Discounts,aquamarine,"paid subscription (e.g: annual fee --> free shipping, early access, free trials), point-based (e.g: spend €100 --> get €10 points)",0,0,1,1,0,0,2,utilitarian
124,0,2,Nutella,discount,12084,5,5,5,5,5,5,21-25,Male,2,2,5,"Paid subscription (e.g: annual fee --> free shipping, early access, free trials), Point-based (e.g: spend €100 --> get €10 points)",Discounts,aquamarine,"paid subscription (e.g: annual fee --> free shipping, early access, free trials), point-based (e.g: spend €100 --> get €10 points)",0,0,1,1,0,0,2,hedonic
124,0,3,Coffee,discount,10722,5,5,5,5,5,5,21-25,Male,2,2,5,"Paid subscription (e.g: annual fee --> free shipping, early access, free trials), Point-based (e.g: spend €100 --> get €10 points)",Discounts,aquamarine,"paid subscription (e.g: annual fee --> free shipping, early access, free trials), point-based (e.g: spend €100 --> get €10 points)",0,0,1,1,0,0,2,hedonic
124,0,4,Salt,discount,14014,5,5,5,5,5,5,21-25,Male,2,2,5,"Paid subscription (e.g: annual fee --> free shipping, early access, free trials), Point-based (e.g: spend €100 --> get €10 points)",Discounts,aquamarine,"paid subscription (e.g: annual fee --> free shipping, early access, free trials), point-based (e.g: spend €100 --> get €10 points)",0,0,1,1,0,0,2,hedonic
124,0,5,Candy Pack,discount,11083,5,5,5,5,5,5,21-25,Male,2,2,5,"Paid subscription (e.g: annual fee --> free shipping, early access, free trials), Point-based (e.g: spend €100 --> get €10 points)",Discounts,aquamarine,"paid subscription (e.g: annual fee --> free shipping, early access, free trials), point-based (e.g: spend €100 --> get €10 points)",0,0,1,1,0,0,2,hedonic
124,0,6,Cleanser,discount,6708,5,5,5,5,5,5,21-25,Male,2,2,5,"Paid subscription (e.g: annual fee --> free shipping, early access, free trials), Point-based (e.g: spend €100 --> get €10 points)",Discounts,aquamarine,"paid subscription (e.g: annual fee --> free shipping, early access, free trials), point-based (e.g: spend €100 --> get €10 points)",0,0,1,1,0,0,2,utilitarian
124,0,7,Toilet Paper,discount,5819,5,5,5,5,5,5,21-25,Male,2,2,5,"Paid subscription (e.g: annual fee --> free shipping, early access, free trials), Point-based (e.g: spend €100 --> get €10 points)",Discounts,aquamarine,"paid subscription (e.g: annual fee --> free shipping, early access, free trials), point-based (e.g: spend €100 --> get €10 points)",0,0,1,1,0,0,2,utilitarian
124,0,8,Shampoo,discount,3667,5,5,5,5,5,5,21-25,Male,2,2,5,"Paid subscription (e.g: annual fee --> free shipping, early access, free trials), Point-based (e.g: spend €100 --> get €10 points)",Discounts,aquamarine,"paid subscription (e.g: annual fee --> free shipping, early access, free trials), point-based (e.g: spend €100 --> get €10 points)",0,0,1,1,0,0,2,utilitarian
124,0,9,Bleach,discount,5152,5,5,5,5,5,5,21-25,Male,2,2,5,"Paid subscription (e.g: annual fee --> free shipping, early access, free trials), Point-based (e.g: spend €100 --> get €10 points)",Discounts,aquamarine,"paid subscription (e.g: annual fee --> free shipping, early access, free trials), point-based (e.g: spend €100 --> get €10 points)",0,0,1,1,0,0,2,utilitarian
105,0,0,Soap,points,78252,4,2,2,4,2,2,21-25,Female,4,4,4,Cashback  (e.g: spend €100 --> get €5 back),Points,aquamarine,cashback  (e.g: spend €100 --> get €5 back),1,0,0,0,0,0,1,utilitarian
105,0,1,Bleach,points,10833,4,2,2,4,2,2,21-25,Female,4,4,4,Cashback  (e.g: spend €100 --> get €5 back),Points,aquamarine,cashback  (e.g: spend €100 --> get €5 back),1,0,0,0,0,0,1,utilitarian
105,0,2,Candy Pack,points,7806,3,2,2,4,2,2,21-25,Female,4,4,4,Cashback  (e.g: spend €100 --> get €5 back),Points,aquamarine,cashback  (e.g: spend €100 --> get €5 back),1,0,0,0,0,0,1,hedonic
105,0,3,Toilet Paper,discount,8360,5,2,2,4,2,2,21-25,Female,4,4,4,Cashback  (e.g: spend €100 --> get €5 back),Points,aquamarine,cashback  (e.g: spend €100 --> get €5 back),1,0,0,0,0,0,1,utilitarian
105,0,4,Coffee,discount,6181,5,2,2,4,2,2,21-25,Female,4,4,4,Cashback  (e.g: spend €100 --> get €5 back),Points,aquamarine,cashback  (e.g: spend €100 --> get €5 back),1,0,0,0,0,0,1,hedonic
105,0,5,Nutella,points,9167,5,2,2,4,2,2,21-25,Female,4,4,4,Cashback  (e.g: spend €100 --> get €5 back),Points,aquamarine,cashback  (e.g: spend €100 --> get €5 back),1,0,0,0,0,0,1,hedonic
105,0,6,Cleanser,points,9167,4,2,2,4,2,2,21-25,Female,4,4,4,Cashback  (e.g: spend €100 --> get €5 back),Points,aquamarine,cashback  (e.g: spend €100 --> get €5 back),1,0,0,0,0,0,1,utilitarian
105,0,7,Salt,points,4652,4,2,2,4,2,2,21-25,Female,4,4,4,Cashback  (e.g: spend €100 --> get €5 back),Points,aquamarine,cashback  (e.g: spend €100 --> get €5 back),1,0,0,0,0,0,1,hedonic
105,0,8,Shampoo,points,7181,4,2,2,4,2,2,21-25,Female,4,4,4,Cashback  (e.g: spend €100 --> get €5 back),Points,aquamarine,cashback  (e.g: spend €100 --> get €5 back),1,0,0,0,0,0,1,utilitarian
105,0,9,Juice,discount,8317,3,2,2,4,2,2,21-25,Female,4,4,4,Cashback  (e.g: spend €100 --> get €5 back),Points,aquamarine,cashback  (e.g: spend €100 --> get €5 back),1,0,0,0,0,0,1,hedonic
118,0,0,Nutella,discount,12825,4,1,5,5,5,4,26-30,Female,4,2,5,"Cashback  (e.g: spend €100 --> get €5 back), Point-based (e.g: spend €100 --> get €10 points)",Discounts,aquamarine,"cashback  (e.g: spend €100 --> get €5 back), point-based (e.g: spend €100 --> get €10 points)",1,0,0,1,0,0,2,hedonic
118,0,1,Toilet Paper,discount,7043,4,1,5,5,5,4,26-30,Female,4,2,5,"Cashback  (e.g: spend €100 --> get €5 back), Point-based (e.g: spend €100 --> get €10 points)",Discounts,aquamarine,"cashback  (e.g: spend €100 --> get €5 back), point-based (e.g: spend €100 --> get €10 points)",1,0,0,1,0,0,2,utilitarian
118,0,2,Juice,discount,6997,4,1,5,5,5,4,26-30,Female,4,2,5,"Cashback  (e.g: spend €100 --> get €5 back), Point-based (e.g: spend €100 --> get €10 points)",Discounts,aquamarine,"cashback  (e.g: spend €100 --> get €5 back), point-based (e.g: spend €100 --> get €10 points)",1,0,0,1,0,0,2,hedonic
118,0,3,Salt,discount,10030,3,1,5,5,5,4,26-30,Female,4,2,5,"Cashback  (e.g: spend €100 --> get €5 back), Point-based (e.g: spend €100 --> get €10 points)",Discounts,aquamarine,"cashback  (e.g: spend €100 --> get €5 back), point-based (e.g: spend €100 --> get €10 points)",1,0,0,1,0,0,2,hedonic
118,0,4,Coffee,discount,11555,4,1,5,5,5,4,26-30,Female,4,2,5,"Cashback  (e.g: spend €100 --> get €5 back), Point-based (e.g: spend €100 --> get €10 points)",Discounts,aquamarine,"cashback  (e.g: spend €100 --> get €5 back), point-based (e.g: spend €100 --> get €10 points)",1,0,0,1,0,0,2,hedonic
118,0,5,Bleach,discount,8666,3,1,5,5,5,4,26-30,Female,4,2,5,"Cashback  (e.g: spend €100 --> get €5 back), Point-based (e.g: spend €100 --> get €10 points)",Discounts,aquamarine,"cashback  (e.g: spend €100 --> get €5 back), point-based (e.g: spend €100 --> get €10 points)",1,0,0,1,0,0,2,utilitarian
118,0,6,Candy Pack,discount,8514,3,1,5,5,5,4,26-30,Female,4,2,5,"Cashback  (e.g: spend €100 --> get €5 back), Point-based (e.g: spend €100 --> get €10 points)",Discounts,aquamarine,"cashback  (e.g: spend €100 --> get €5 back), point-based (e.g: spend €100 --> get €10 points)",1,0,0,1,0,0,2,hedonic
118,0,7,Soap,discount,13736,3,1,5,5,5,4,26-30,Female,4,2,5,"Cashback  (e.g: spend €100 --> get €5 back), Point-based (e.g: spend €100 --> get €10 points)",Discounts,aquamarine,"cashback  (e.g: spend €100 --> get €5 back), point-based (e.g: spend €100 --> get €10 points)",1,0,0,1,0,0,2,utilitarian
118,0,8,Cleanser,discount,5472,4,1,5,5,5,4,26-30,Female,4,2,5,"Cashback  (e.g: spend €100 --> get €5 back), Point-based (e.g: spend €100 --> get €10 points)",Discounts,aquamarine,"cashback  (e.g: spend €100 --> get €5 back), point-based (e.g: spend €100 --> get €10 points)",1,0,0,1,0,0,2,utilitarian
118,0,9,Shampoo,discount,6292,3,1,5,5,5,4,26-30,Female,4,2,5,"Cashback  (e.g: spend €100 --> get €5 back), Point-based (e.g: spend €100 --> get €10 points)",Discounts,aquamarine,"cashback  (e.g: spend €100 --> get €5 back), point-based (e.g: spend €100 --> get €10 points)",1,0,0,1,0,0,2,utilitarian
108,0,0,Juice,discount,30148,3,4,4,2,2,4,21-25,Female,2,2,2,Point-based (e.g: spend €100 --> get €10 points),Discounts,aquamarine,point-based (e.g: spend €100 --> get €10 points),0,0,0,1,0,0,1,hedonic
108,0,1,Shampoo,discount,31915,4,4,4,2,2,4,21-25,Female,2,2,2,Point-based (e.g: spend €100 --> get €10 points),Discounts,aquamarine,point-based (e.g: spend €100 --> get €10 points),0,0,0,1,0,0,1,utilitarian
108,0,2,Salt,points,12987,3,4,4,2,2,4,21-25,Female,2,2,2,Point-based (e.g: spend €100 --> get €10 points),Discounts,aquamarine,point-based (e.g: spend €100 --> get €10 points),0,0,0,1,0,0,1,hedonic
108,0,3,Coffee,discount,18125,4,4,4,2,2,4,21-25,Female,2,2,2,Point-based (e.g: spend €100 --> get €10 points),Discounts,aquamarine,point-based (e.g: spend €100 --> get €10 points),0,0,0,1,0,0,1,hedonic
108,0,4,Cleanser,discount,8719,4,4,4,2,2,4,21-25,Female,2,2,2,Point-based (e.g: spend €100 --> get €10 points),Discounts,aquamarine,point-based (e.g: spend €100 --> get €10 points),0,0,0,1,0,0,1,utilitarian
108,0,5,Bleach,points,9253,2,4,4,2,2,4,21-25,Female,2,2,2,Point-based (e.g: spend €100 --> get €10 points),Discounts,aquamarine,point-based (e.g: spend €100 --> get €10 points),0,0,0,1,0,0,1,utilitarian
108,0,6,Soap,discount,21611,2,4,4,2,2,4,21-25,Female,2,2,2,Point-based (e.g: spend €100 --> get €10 points),Discounts,aquamarine,point-based (e.g: spend €100 --> get €10 points),0,0,0,1,0,0,1,utilitarian
108,0,7,Nutella,discount,22265,4,4,4,2,2,4,21-25,Female,2,2,2,Point-based (e.g: spend €100 --> get €10 points),Discounts,aquamarine,point-based (e.g: spend €100 --> get €10 points),0,0,0,1,0,0,1,hedonic
108,0,8,Candy Pack,discount,15778,3,4,4,2,2,4,21-25,Female,2,2,2,Point-based (e.g: spend €100 --> get €10 points),Discounts,aquamarine,point-based (e.g: spend €100 --> get €10 points),0,0,0,1,0,0,1,hedonic
108,0,9,Toilet Paper,discount,18818,3,4,4,2,2,4,21-25,Female,2,2,2,Point-based (e.g: spend €100 --> get €10 points),Discounts,aquamarine,point-based (e.g: spend €100 --> get €10 points),0,0,0,1,0,0,1,utilitarian
112,0,0,Soap,discount,14143,2,3,3,2,5,5,21-25,Male,2,3,5,Point-based (e.g: spend €100 --> get €10 points),Discounts,aquamarine,point-based (e.g: spend €100 --> get €10 points),0,0,0,1,0,0,1,utilitarian
112,0,1,Coffee,discount,20485,2,3,3,2,5,5,21-25,Male,2,3,5,Point-based (e.g: spend €100 --> get €10 points),Discounts,aquamarine,point-based (e.g: spend €100 --> get €10 points),0,0,0,1,0,0,1,hedonic
112,0,2,Nutella,points,10655,4,3,3,2,5,5,21-25,Male,2,3,5,Point-based (e.g: spend €100 --> get €10 points),Discounts,aquamarine,point-based (e.g: spend €100 --> get €10 points),0,0,0,1,0,0,1,hedonic
112,0,3,Candy Pack,discount,10996,1,3,3,2,5,5,21-25,Male,2,3,5,Point-based (e.g: spend €100 --> get €10 points),Discounts,aquamarine,point-based (e.g: spend €100 --> get €10 points),0,0,0,1,0,0,1,hedonic
112,0,4,Shampoo,discount,7030,2,3,3,2,5,5,21-25,Male,2,3,5,Point-based (e.g: spend €100 --> get €10 points),Discounts,aquamarine,point-based (e.g: spend €100 --> get €10 points),0,0,0,1,0,0,1,utilitarian
112,0,5,Toilet Paper,points,6211,3,3,3,2,5,5,21-25,Male,2,3,5,Point-based (e.g: spend €100 --> get €10 points),Discounts,aquamarine,point-based (e.g: spend €100 --> get €10 points),0,0,0,1,0,0,1,utilitarian
112,0,6,Bleach,discount,5222,2,3,3,2,5,5,21-25,Male,2,3,5,Point-based (e.g: spend €100 --> get €10 points),Discounts,aquamarine,point-based (e.g: spend €100 --> get €10 points),0,0,0,1,0,0,1,utilitarian
112,0,7,Juice,points,24516,3,3,3,2,5,5,21-25,Male,2,3,5,Point-based (e.g: spend €100 --> get €10 points),Discounts,aquamarine,point-based (e.g: spend €100 --> get €10 points),0,0,0,1,0,0,1,hedonic
112,0,8,Salt,points,10232,2,3,3,2,5,5,21-25,Male,2,3,5,Point-based (e.g: spend €100 --> get €10 points),Discounts,aquamarine,point-based (e.g: spend €100 --> get €10 points),0,0,0,1,0,0,1,hedonic
112,0,9,Cleanser,points,11184,3,3,3,2,5,5,21-25,Male,2,3,5,Point-based (e.g: spend €100 --> get €10 points),Discounts,aquamarine,point-based (e.g: spend €100 --> get €10 points),0,0,0,1,0,0,1,utilitarian
113,0,0,Bleach,discount,9079,5,5,5,5,3,5,21-25,Female,2,2,5,"Cashback  (e.g: spend €100 --> get €5 back), Tiered-based (e.g: bronze --> silver --> gold)",Discounts,aquamarine,"cashback  (e.g: spend €100 --> get €5 back), tiered-based (e.g: bronze --> silver --> gold)",1,0,0,0,1,0,2,utilitarian
113,0,1,Nutella,points,11126,4,5,5,5,3,5,21-25,Female,2,2,5,"Cashback  (e.g: spend €100 --> get €5 back), Tiered-based (e.g: bronze --> silver --> gold)",Discounts,aquamarine,"cashback  (e.g: spend €100 --> get €5 back), tiered-based (e.g: bronze --> silver --> gold)",1,0,0,0,1,0,2,hedonic
113,0,2,Soap,points,11278,5,5,5,5,3,5,21-25,Female,2,2,5,"Cashback  (e.g: spend €100 --> get €5 back), Tiered-based (e.g: bronze --> silver --> gold)",Discounts,aquamarine,"cashback  (e.g: spend €100 --> get €5 back), tiered-based (e.g: bronze --> silver --> gold)",1,0,0,0,1,0,2,utilitarian
113,0,3,Juice,points,8500,5,5,5,5,3,5,21-25,Female,2,2,5,"Cashback  (e.g: spend €100 --> get €5 back), Tiered-based (e.g: bronze --> silver --> gold)",Discounts,aquamarine,"cashback  (e.g: spend €100 --> get €5 back), tiered-based (e.g: bronze --> silver --> gold)",1,0,0,0,1,0,2,hedonic
113,0,4,Toilet Paper,points,6222,5,5,5,5,3,5,21-25,Female,2,2,5,"Cashback  (e.g: spend €100 --> get €5 back), Tiered-based (e.g: bronze --> silver --> gold)",Discounts,aquamarine,"cashback  (e.g: spend €100 --> get €5 back), tiered-based (e.g: bronze --> silver --> gold)",1,0,0,0,1,0,2,utilitarian
113,0,5,Coffee,discount,8236,5,5,5,5,3,5,21-25,Female,2,2,5,"Cashback  (e.g: spend €100 --> get €5 back), Tiered-based (e.g: bronze --> silver --> gold)",Discounts,aquamarine,"cashback  (e.g: spend €100 --> get €5 back), tiered-based (e.g: bronze --> silver --> gold)",1,0,0,0,1,0,2,hedonic
113,0,6,Candy Pack,discount,9777,4,5,5,5,3,5,21-25,Female,2,2,5,"Cashback  (e.g: spend €100 --> get €5 back), Tiered-based (e.g: bronze --> silver --> gold)",Discounts,aquamarine,"cashback  (e.g: spend €100 --> get €5 back), tiered-based (e.g: bronze --> silver --> gold)",1,0,0,0,1,0,2,hedonic
113,0,7,Shampoo,points,15806,4,5,5,5,3,5,21-25,Female,2,2,5,"Cashback  (e.g: spend €100 --> get €5 back), Tiered-based (e.g: bronze --> silver --> gold)",Discounts,aquamarine,"cashback  (e.g: spend €100 --> get €5 back), tiered-based (e.g: bronze --> silver --> gold)",1,0,0,0,1,0,2,utilitarian
113,0,8,Salt,discount,10264,5,5,5,5,3,5,21-25,Female,2,2,5,"Cashback  (e.g: spend €100 --> get €5 back), Tiered-based (e.g: bronze --> silver --> gold)",Discounts,aquamarine,"cashback  (e.g: spend €100 --> get €5 back), tiered-based (e.g: bronze --> silver --> gold)",1,0,0,0,1,0,2,hedonic
113,0,9,Cleanser,discount,13820,5,5,5,5,3,5,21-25,Female,2,2,5,"Cashback  (e.g: spend €100 --> get €5 back), Tiered-based (e.g: bronze --> silver --> gold)",Discounts,aquamarine,"cashback  (e.g: spend €100 --> get €5 back), tiered-based (e.g: bronze --> silver --> gold)",1,0,0,0,1,0,2,utilitarian
109,0,0,Toilet Paper,discount,36606,4,5,3,3,5,5,26-30,Female,2,5,5,"Cashback  (e.g: spend €100 --> get €5 back), Point-based (e.g: spend €100 --> get €10 points)",Discounts,aquamarine,"cashback  (e.g: spend €100 --> get €5 back), point-based (e.g: spend €100 --> get €10 points)",1,0,0,1,0,0,2,utilitarian
109,0,1,Bleach,discount,43847,5,5,3,3,5,5,26-30,Female,2,5,5,"Cashback  (e.g: spend €100 --> get €5 back), Point-based (e.g: spend €100 --> get €10 points)",Discounts,aquamarine,"cashback  (e.g: spend €100 --> get €5 back), point-based (e.g: spend €100 --> get €10 points)",1,0,0,1,0,0,2,utilitarian
109,0,2,Juice,discount,9275,4,5,3,3,5,5,26-30,Female,2,5,5,"Cashback  (e.g: spend €100 --> get €5 back), Point-based (e.g: spend €100 --> get €10 points)",Discounts,aquamarine,"cashback  (e.g: spend €100 --> get €5 back), point-based (e.g: spend €100 --> get €10 points)",1,0,0,1,0,0,2,hedonic
109,0,3,Salt,discount,9684,3,5,3,3,5,5,26-30,Female,2,5,5,"Cashback  (e.g: spend €100 --> get €5 back), Point-based (e.g: spend €100 --> get €10 points)",Discounts,aquamarine,"cashback  (e.g: spend €100 --> get €5 back), point-based (e.g: spend €100 --> get €10 points)",1,0,0,1,0,0,2,hedonic
109,0,4,Nutella,discount,14916,5,5,3,3,5,5,26-30,Female,2,5,5,"Cashback  (e.g: spend €100 --> get €5 back), Point-based (e.g: spend €100 --> get €10 points)",Discounts,aquamarine,"cashback  (e.g: spend €100 --> get €5 back), point-based (e.g: spend €100 --> get €10 points)",1,0,0,1,0,0,2,hedonic
109,0,5,Shampoo,discount,25122,5,5,3,3,5,5,26-30,Female,2,5,5,"Cashback  (e.g: spend €100 --> get €5 back), Point-based (e.g: spend €100 --> get €10 points)",Discounts,aquamarine,"cashback  (e.g: spend €100 --> get €5 back), point-based (e.g: spend €100 --> get €10 points)",1,0,0,1,0,0,2,utilitarian
109,0,6,Cleanser,discount,10321,3,5,3,3,5,5,26-30,Female,2,5,5,"Cashback  (e.g: spend €100 --> get €5 back), Point-based (e.g: spend €100 --> get €10 points)",Discounts,aquamarine,"cashback  (e.g: spend €100 --> get €5 back), point-based (e.g: spend €100 --> get €10 points)",1,0,0,1,0,0,2,utilitarian
109,0,7,Candy Pack,discount,11070,5,5,3,3,5,5,26-30,Female,2,5,5,"Cashback  (e.g: spend €100 --> get €5 back), Point-based (e.g: spend €100 --> get €10 points)",Discounts,aquamarine,"cashback  (e.g: spend €100 --> get €5 back), point-based (e.g: spend €100 --> get €10 points)",1,0,0,1,0,0,2,hedonic
109,0,8,Coffee,discount,11624,5,5,3,3,5,5,26-30,Female,2,5,5,"Cashback  (e.g: spend €100 --> get €5 back), Point-based (e.g: spend €100 --> get €10 points)",Discounts,aquamarine,"cashback  (e.g: spend €100 --> get €5 back), point-based (e.g: spend €100 --> get €10 points)",1,0,0,1,0,0,2,hedonic
109,0,9,Soap,discount,6013,5,5,3,3,5,5,26-30,Female,2,5,5,"Cashback  (e.g: spend €100 --> get €5 back), Point-based (e.g: spend €100 --> get €10 points)",Discounts,aquamarine,"cashback  (e.g: spend €100 --> get €5 back), point-based (e.g: spend €100 --> get €10 points)",1,0,0,1,0,0,2,utilitarian
116,0,0,Bleach,discount,14410,4,5,5,4,4,5,21-25,Female,2,4,5,Don't use any,Discounts,aquamarine,don't use any,0,0,0,0,0,0,0,utilitarian
116,0,1,Candy Pack,discount,12778,5,5,5,4,4,5,21-25,Female,2,4,5,Don't use any,Discounts,aquamarine,don't use any,0,0,0,0,0,0,0,hedonic
116,0,2,Toilet Paper,points,10847,3,5,5,4,4,5,21-25,Female,2,4,5,Don't use any,Discounts,aquamarine,don't use any,0,0,0,0,0,0,0,utilitarian
116,0,3,Salt,discount,11957,4,5,5,4,4,5,21-25,Female,2,4,5,Don't use any,Discounts,aquamarine,don't use any,0,0,0,0,0,0,0,hedonic
116,0,4,Juice,discount,8502,5,5,5,4,4,5,21-25,Female,2,4,5,Don't use any,Discounts,aquamarine,don't use any,0,0,0,0,0,0,0,hedonic
116,0,5,Soap,discount,8473,5,5,5,4,4,5,21-25,Female,2,4,5,Don't use any,Discounts,aquamarine,don't use any,0,0,0,0,0,0,0,utilitarian
116,0,6,Shampoo,discount,7305,4,5,5,4,4,5,21-25,Female,2,4,5,Don't use any,Discounts,aquamarine,don't use any,0,0,0,0,0,0,0,utilitarian
116,0,7,Nutella,discount,10000,4,5,5,4,4,5,21-25,Female,2,4,5,Don't use any,Discounts,aquamarine,don't use any,0,0,0,0,0,0,0,hedonic
116,0,8,Coffee,points,9736,3,5,5,4,4,5,21-25,Female,2,4,5,Don't use any,Discounts,aquamarine,don't use any,0,0,0,0,0,0,0,hedonic
116,0,9,Cleanser,discount,5125,4,5,5,4,4,5,21-25,Female,2,4,5,Don't use any,Discounts,aquamarine,don't use any,0,0,0,0,0,0,0,utilitarian
100,0,0,Toilet Paper,discount,61451,3,3,5,1,1,5,21-25,Female,4,5,5,Point-based (e.g: spend €100 --> get €10 points),Discounts,aquamarine,point-based (e.g: spend €100 --> get €10 points),0,0,0,1,0,0,1,utilitarian
100,0,1,Coffee,discount,23110,3,3,5,1,1,5,21-25,Female,4,5,5,Point-based (e.g: spend €100 --> get €10 points),Discounts,aquamarine,point-based (e.g: spend €100 --> get €10 points),0,0,0,1,0,0,1,hedonic
100,0,2,Salt,points,9888,1,3,5,1,1,5,21-25,Female,4,5,5,Point-based (e.g: spend €100 --> get €10 points),Discounts,aquamarine,point-based (e.g: spend €100 --> get €10 points),0,0,0,1,0,0,1,hedonic
100,0,3,Juice,discount,14527,2,3,5,1,1,5,21-25,Female,4,5,5,Point-based (e.g: spend €100 --> get €10 points),Discounts,aquamarine,point-based (e.g: spend €100 --> get €10 points),0,0,0,1,0,0,1,hedonic
100,0,4,Cleanser,discount,18766,3,3,5,1,1,5,21-25,Female,4,5,5,Point-based (e.g: spend €100 --> get €10 points),Discounts,aquamarine,point-based (e.g: spend €100 --> get €10 points),0,0,0,1,0,0,1,utilitarian
100,0,5,Soap,discount,13430,2,3,5,1,1,5,21-25,Female,4,5,5,Point-based (e.g: spend €100 --> get €10 points),Discounts,aquamarine,point-based (e.g: spend €100 --> get €10 points),0,0,0,1,0,0,1,utilitarian
100,0,6,Nutella,discount,15100,3,3,5,1,1,5,21-25,Female,4,5,5,Point-based (e.g: spend €100 --> get €10 points),Discounts,aquamarine,point-based (e.g: spend €100 --> get €10 points),0,0,0,1,0,0,1,hedonic
100,0,7,Bleach,discount,12278,2,3,5,1,1,5,21-25,Female,4,5,5,Point-based (e.g: spend €100 --> get €10 points),Discounts,aquamarine,point-based (e.g: spend €100 --> get €10 points),0,0,0,1,0,0,1,utilitarian
100,0,8,Candy Pack,discount,9178,3,3,5,1,1,5,21-25,Female,4,5,5,Point-based (e.g: spend €100 --> get €10 points),Discounts,aquamarine,point-based (e.g: spend €100 --> get €10 points),0,0,0,1,0,0,1,hedonic
100,0,9,Shampoo,discount,4530,2,3,5,1,1,5,21-25,Female,4,5,5,Point-based (e.g: spend €100 --> get €10 points),Discounts,aquamarine,point-based (e.g: spend €100 --> get €10 points),0,0,0,1,0,0,1,utilitarian
107,0,0,Salt,discount,17076,3,1,5,3,5,5,21-25,Male,4,4,4,"Paid subscription (e.g: annual fee --> free shipping, early access, free trials), Point-based (e.g: spend €100 --> get €10 points), Tiered-based (e.g: bronze --> silver --> gold)",Points,aquamarine,"paid subscription (e.g: annual fee --> free shipping, early access, free trials), point-based (e.g: spend €100 --> get €10 points), tiered-based (e.g: bronze --> silver --> gold)",0,0,1,1,1,0,3,hedonic
107,0,1,Bleach,points,18997,4,1,5,3,5,5,21-25,Male,4,4,4,"Paid subscription (e.g: annual fee --> free shipping, early access, free trials), Point-based (e.g: spend €100 --> get €10 points), Tiered-based (e.g: bronze --> silver --> gold)",Points,aquamarine,"paid subscription (e.g: annual fee --> free shipping, early access, free trials), point-based (e.g: spend €100 --> get €10 points), tiered-based (e.g: bronze --> silver --> gold)",0,0,1,1,1,0,3,utilitarian
107,0,2,Candy Pack,discount,10849,4,1,5,3,5,5,21-25,Male,4,4,4,"Paid subscription (e.g: annual fee --> free shipping, early access, free trials), Point-based (e.g: spend €100 --> get €10 points), Tiered-based (e.g: bronze --> silver --> gold)",Points,aquamarine,"paid subscription (e.g: annual fee --> free shipping, early access, free trials), point-based (e.g: spend €100 --> get €10 points), tiered-based (e.g: bronze --> silver --> gold)",0,0,1,1,1,0,3,hedonic
107,0,3,Juice,discount,30776,5,1,5,3,5,5,21-25,Male,4,4,4,"Paid subscription (e.g: annual fee --> free shipping, early access, free trials), Point-based (e.g: spend €100 --> get €10 points), Tiered-based (e.g: bronze --> silver --> gold)",Points,aquamarine,"paid subscription (e.g: annual fee --> free shipping, early access, free trials), point-based (e.g: spend €100 --> get €10 points), tiered-based (e.g: bronze --> silver --> gold)",0,0,1,1,1,0,3,hedonic
107,0,4,Shampoo,discount,16320,4,1,5,3,5,5,21-25,Male,4,4,4,"Paid subscription (e.g: annual fee --> free shipping, early access, free trials), Point-based (e.g: spend €100 --> get €10 points), Tiered-based (e.g: bronze --> silver --> gold)",Points,aquamarine,"paid subscription (e.g: annual fee --> free shipping, early access, free trials), point-based (e.g: spend €100 --> get €10 points), tiered-based (e.g: bronze --> silver --> gold)",0,0,1,1,1,0,3,utilitarian
107,0,5,Nutella,points,18572,4,1,5,3,5,5,21-25,Male,4,4,4,"Paid subscription (e.g: annual fee --> free shipping, early access, free trials), Point-based (e.g: spend €100 --> get €10 points), Tiered-based (e.g: bronze --> silver --> gold)",Points,aquamarine,"paid subscription (e.g: annual fee --> free shipping, early access, free trials), point-based (e.g: spend €100 --> get €10 points), tiered-based (e.g: bronze --> silver --> gold)",0,0,1,1,1,0,3,hedonic
107,0,6,Soap,discount,9653,3,1,5,3,5,5,21-25,Male,4,4,4,"Paid subscription (e.g: annual fee --> free shipping, early access, free trials), Point-based (e.g: spend €100 --> get €10 points), Tiered-based (e.g: bronze --> silver --> gold)",Points,aquamarine,"paid subscription (e.g: annual fee --> free shipping, early access, free trials), point-based (e.g: spend €100 --> get €10 points), tiered-based (e.g: bronze --> silver --> gold)",0,0,1,1,1,0,3,utilitarian
107,0,7,Coffee,points,25972,3,1,5,3,5,5,21-25,Male,4,4,4,"Paid subscription (e.g: annual fee --> free shipping, early access, free trials), Point-based (e.g: spend €100 --> get €10 points), Tiered-based (e.g: bronze --> silver --> gold)",Points,aquamarine,"paid subscription (e.g: annual fee --> free shipping, early access, free trials), point-based (e.g: spend €100 --> get €10 points), tiered-based (e.g: bronze --> silver --> gold)",0,0,1,1,1,0,3,hedonic
107,0,8,Toilet Paper,discount,21028,2,1,5,3,5,5,21-25,Male,4,4,4,"Paid subscription (e.g: annual fee --> free shipping, early access, free trials), Point-based (e.g: spend €100 --> get €10 points), Tiered-based (e.g: bronze --> silver --> gold)",Points,aquamarine,"paid subscription (e.g: annual fee --> free shipping, early access, free trials), point-based (e.g: spend €100 --> get €10 points), tiered-based (e.g: bronze --> silver --> gold)",0,0,1,1,1,0,3,utilitarian
107,0,9,Cleanser,discount,22722,2,1,5,3,5,5,21-25,Male,4,4,4,"Paid subscription (e.g: annual fee --> free shipping, early access, free trials), Point-based (e.g: spend €100 --> get €10 points), Tiered-based (e.g: bronze --> silver --> gold)",Points,aquamarine,"paid subscription (e.g: annual fee --> free shipping, early access, free trials), point-based (e.g: spend €100 --> get €10 points), tiered-based (e.g: bronze --> silver --> gold)",0,0,1,1,1,0,3,utilitarian
104,0,0,Bleach,discount,29197,4,5,5,2,5,5,21-25,Male,4,3,5,"Cashback  (e.g: spend €100 --> get €5 back), Paid subscription (e.g: annual fee --> free shipping, early access, free trials), Point-based (e.g: spend €100 --> get €10 points)",Discounts,aquamarine,"cashback  (e.g: spend €100 --> get €5 back), paid subscription (e.g: annual fee --> free shipping, early access, free trials), point-based (e.g: spend €100 --> get €10 points)",1,0,1,1,0,0,3,utilitarian
104,0,1,Candy Pack,discount,17668,4,5,5,2,5,5,21-25,Male,4,3,5,"Cashback  (e.g: spend €100 --> get €5 back), Paid subscription (e.g: annual fee --> free shipping, early access, free trials), Point-based (e.g: spend €100 --> get €10 points)",Discounts,aquamarine,"cashback  (e.g: spend €100 --> get €5 back), paid subscription (e.g: annual fee --> free shipping, early access, free trials), point-based (e.g: spend €100 --> get €10 points)",1,0,1,1,0,0,3,hedonic
104,0,2,Cleanser,discount,7458,4,5,5,2,5,5,21-25,Male,4,3,5,"Cashback  (e.g: spend €100 --> get €5 back), Paid subscription (e.g: annual fee --> free shipping, early access, free trials), Point-based (e.g: spend €100 --> get €10 points)",Discounts,aquamarine,"cashback  (e.g: spend €100 --> get €5 back), paid subscription (e.g: annual fee --> free shipping, early access, free trials), point-based (e.g: spend €100 --> get €10 points)",1,0,1,1,0,0,3,utilitarian
104,0,3,Salt,discount,12292,5,5,5,2,5,5,21-25,Male,4,3,5,"Cashback  (e.g: spend €100 --> get €5 back), Paid subscription (e.g: annual fee --> free shipping, early access, free trials), Point-based (e.g: spend €100 --> get €10 points)",Discounts,aquamarine,"cashback  (e.g: spend €100 --> get €5 back), paid subscription (e.g: annual fee --> free shipping, early access, free trials), point-based (e.g: spend €100 --> get €10 points)",1,0,1,1,0,0,3,hedonic
104,0,4,Toilet Paper,discount,12903,5,5,5,2,5,5,21-25,Male,4,3,5,"Cashback  (e.g: spend €100 --> get €5 back), Paid subscription (e.g: annual fee --> free shipping, early access, free trials), Point-based (e.g: spend €100 --> get €10 points)",Discounts,aquamarine,"cashback  (e.g: spend €100 --> get €5 back), paid subscription (e.g: annual fee --> free shipping, early access, free trials), point-based (e.g: spend €100 --> get €10 points)",1,0,1,1,0,0,3,utilitarian
104,0,5,Coffee,discount,8292,5,5,5,2,5,5,21-25,Male,4,3,5,"Cashback  (e.g: spend €100 --> get €5 back), Paid subscription (e.g: annual fee --> free shipping, early access, free trials), Point-based (e.g: spend €100 --> get €10 points)",Discounts,aquamarine,"cashback  (e.g: spend €100 --> get €5 back), paid subscription (e.g: annual fee --> free shipping, early access, free trials), point-based (e.g: spend €100 --> get €10 points)",1,0,1,1,0,0,3,hedonic
104,0,6,Shampoo,discount,9075,4,5,5,2,5,5,21-25,Male,4,3,5,"Cashback  (e.g: spend €100 --> get €5 back), Paid subscription (e.g: annual fee --> free shipping, early access, free trials), Point-based (e.g: spend €100 --> get €10 points)",Discounts,aquamarine,"cashback  (e.g: spend €100 --> get €5 back), paid subscription (e.g: annual fee --> free shipping, early access, free trials), point-based (e.g: spend €100 --> get €10 points)",1,0,1,1,0,0,3,utilitarian
104,0,7,Soap,discount,5369,5,5,5,2,5,5,21-25,Male,4,3,5,"Cashback  (e.g: spend €100 --> get €5 back), Paid subscription (e.g: annual fee --> free shipping, early access, free trials), Point-based (e.g: spend €100 --> get €10 points)",Discounts,aquamarine,"cashback  (e.g: spend €100 --> get €5 back), paid subscription (e.g: annual fee --> free shipping, early access, free trials), point-based (e.g: spend €100 --> get €10 points)",1,0,1,1,0,0,3,utilitarian
104,0,8,Nutella,discount,5931,4,5,5,2,5,5,21-25,Male,4,3,5,"Cashback  (e.g: spend €100 --> get €5 back), Paid subscription (e.g: annual fee --> free shipping, early access, free trials), Point-based (e.g: spend €100 --> get €10 points)",Discounts,aquamarine,"cashback  (e.g: spend €100 --> get €5 back), paid subscription (e.g: annual fee --> free shipping, early access, free trials), point-based (e.g: spend €100 --> get €10 points)",1,0,1,1,0,0,3,hedonic
104,0,9,Juice,discount,9208,5,5,5,2,5,5,21-25,Male,4,3,5,"Cashback  (e.g: spend €100 --> get €5 back), Paid subscription (e.g: annual fee --> free shipping, early access, free trials), Point-based (e.g: spend €100 --> get €10 points)",Discounts,aquamarine,"cashback  (e.g: spend €100 --> get €5 back), paid subscription (e.g: annual fee --> free shipping, early access, free trials), point-based (e.g: spend €100 --> get €10 points)",1,0,1,1,0,0,3,hedonic
111,0,0,Soap,points,15703,4,4,4,3,4,4,26-30,Female,3,3,3,"Cashback  (e.g: spend €100 --> get €5 back), Paid subscription (e.g: annual fee --> free shipping, early access, free trials), Tiered-based (e.g: bronze --> silver --> gold)",Discounts,aquamarine,"cashback  (e.g: spend €100 --> get €5 back), paid subscription (e.g: annual fee --> free shipping, early access, free trials), tiered-based (e.g: bronze --> silver --> gold)",1,0,1,0,1,0,3,utilitarian
111,0,1,Candy Pack,discount,9305,4,4,4,3,4,4,26-30,Female,3,3,3,"Cashback  (e.g: spend €100 --> get €5 back), Paid subscription (e.g: annual fee --> free shipping, early access, free trials), Tiered-based (e.g: bronze --> silver --> gold)",Discounts,aquamarine,"cashback  (e.g: spend €100 --> get €5 back), paid subscription (e.g: annual fee --> free shipping, early access, free trials), tiered-based (e.g: bronze --> silver --> gold)",1,0,1,0,1,0,3,hedonic
111,0,2,Toilet Paper,discount,11694,4,4,4,3,4,4,26-30,Female,3,3,3,"Cashback  (e.g: spend €100 --> get €5 back), Paid subscription (e.g: annual fee --> free shipping, early access, free trials), Tiered-based (e.g: bronze --> silver --> gold)",Discounts,aquamarine,"cashback  (e.g: spend €100 --> get €5 back), paid subscription (e.g: annual fee --> free shipping, early access, free trials), tiered-based (e.g: bronze --> silver --> gold)",1,0,1,0,1,0,3,utilitarian
111,0,3,Bleach,discount,17723,3,4,4,3,4,4,26-30,Female,3,3,3,"Cashback  (e.g: spend €100 --> get €5 back), Paid subscription (e.g: annual fee --> free shipping, early access, free trials), Tiered-based (e.g: bronze --> silver --> gold)",Discounts,aquamarine,"cashback  (e.g: spend €100 --> get €5 back), paid subscription (e.g: annual fee --> free shipping, early access, free trials), tiered-based (e.g: bronze --> silver --> gold)",1,0,1,0,1,0,3,utilitarian
111,0,4,Coffee,points,15930,4,4,4,3,4,4,26-30,Female,3,3,3,"Cashback  (e.g: spend €100 --> get €5 back), Paid subscription (e.g: annual fee --> free shipping, early access, free trials), Tiered-based (e.g: bronze --> silver --> gold)",Discounts,aquamarine,"cashback  (e.g: spend €100 --> get €5 back), paid subscription (e.g: annual fee --> free shipping, early access, free trials), tiered-based (e.g: bronze --> silver --> gold)",1,0,1,0,1,0,3,hedonic
111,0,5,Juice,discount,7278,4,4,4,3,4,4,26-30,Female,3,3,3,"Cashback  (e.g: spend €100 --> get €5 back), Paid subscription (e.g: annual fee --> free shipping, early access, free trials), Tiered-based (e.g: bronze --> silver --> gold)",Discounts,aquamarine,"cashback  (e.g: spend €100 --> get €5 back), paid subscription (e.g: annual fee --> free shipping, early access, free trials), tiered-based (e.g: bronze --> silver --> gold)",1,0,1,0,1,0,3,hedonic
111,0,6,Shampoo,points,5486,4,4,4,3,4,4,26-30,Female,3,3,3,"Cashback  (e.g: spend €100 --> get €5 back), Paid subscription (e.g: annual fee --> free shipping, early access, free trials), Tiered-based (e.g: bronze --> silver --> gold)",Discounts,aquamarine,"cashback  (e.g: spend €100 --> get €5 back), paid subscription (e.g: annual fee --> free shipping, early access, free trials), tiered-based (e.g: bronze --> silver --> gold)",1,0,1,0,1,0,3,utilitarian
111,0,7,Cleanser,discount,13181,3,4,4,3,4,4,26-30,Female,3,3,3,"Cashback  (e.g: spend €100 --> get €5 back), Paid subscription (e.g: annual fee --> free shipping, early access, free trials), Tiered-based (e.g: bronze --> silver --> gold)",Discounts,aquamarine,"cashback  (e.g: spend €100 --> get €5 back), paid subscription (e.g: annual fee --> free shipping, early access, free trials), tiered-based (e.g: bronze --> silver --> gold)",1,0,1,0,1,0,3,utilitarian
111,0,8,Salt,discount,8236,2,4,4,3,4,4,26-30,Female,3,3,3,"Cashback  (e.g: spend €100 --> get €5 back), Paid subscription (e.g: annual fee --> free shipping, early access, free trials), Tiered-based (e.g: bronze --> silver --> gold)",Discounts,aquamarine,"cashback  (e.g: spend €100 --> get €5 back), paid subscription (e.g: annual fee --> free shipping, early access, free trials), tiered-based (e.g: bronze --> silver --> gold)",1,0,1,0,1,0,3,hedonic
111,0,9,Nutella,discount,9555,4,4,4,3,4,4,26-30,Female,3,3,3,"Cashback  (e.g: spend €100 --> get €5 back), Paid subscription (e.g: annual fee --> free shipping, early access, free trials), Tiered-based (e.g: bronze --> silver --> gold)",Discounts,aquamarine,"cashback  (e.g: spend €100 --> get €5 back), paid subscription (e.g: annual fee --> free shipping, early access, free trials), tiered-based (e.g: bronze --> silver --> gold)",1,0,1,0,1,0,3,hedonic
119,0,0,Juice,discount,20520,4,3,4,4,3,4,31-35,Male,3,3,5,"Cashback  (e.g: spend €100 --> get €5 back), Paid subscription (e.g: annual fee --> free shipping, early access, free trials), Point-based (e.g: spend €100 --> get €10 points)",Discounts,aquamarine,"cashback  (e.g: spend €100 --> get €5 back), paid subscription (e.g: annual fee --> free shipping, early access, free trials), point-based (e.g: spend €100 --> get €10 points)",1,0,1,1,0,0,3,hedonic
119,0,1,Coffee,discount,17201,4,3,4,4,3,4,31-35,Male,3,3,5,"Cashback  (e.g: spend €100 --> get €5 back), Paid subscription (e.g: annual fee --> free shipping, early access, free trials), Point-based (e.g: spend €100 --> get €10 points)",Discounts,aquamarine,"cashback  (e.g: spend €100 --> get €5 back), paid subscription (e.g: annual fee --> free shipping, early access, free trials), point-based (e.g: spend €100 --> get €10 points)",1,0,1,1,0,0,3,hedonic
119,0,2,Salt,discount,11337,5,3,4,4,3,4,31-35,Male,3,3,5,"Cashback  (e.g: spend €100 --> get €5 back), Paid subscription (e.g: annual fee --> free shipping, early access, free trials), Point-based (e.g: spend €100 --> get €10 points)",Discounts,aquamarine,"cashback  (e.g: spend €100 --> get €5 back), paid subscription (e.g: annual fee --> free shipping, early access, free trials), point-based (e.g: spend €100 --> get €10 points)",1,0,1,1,0,0,3,hedonic
119,0,3,Shampoo,discount,39671,3,3,4,4,3,4,31-35,Male,3,3,5,"Cashback  (e.g: spend €100 --> get €5 back), Paid subscription (e.g: annual fee --> free shipping, early access, free trials), Point-based (e.g: spend €100 --> get €10 points)",Discounts,aquamarine,"cashback  (e.g: spend €100 --> get €5 back), paid subscription (e.g: annual fee --> free shipping, early access, free trials), point-based (e.g: spend €100 --> get €10 points)",1,0,1,1,0,0,3,utilitarian
119,0,4,Soap,discount,21661,4,3,4,4,3,4,31-35,Male,3,3,5,"Cashback  (e.g: spend €100 --> get €5 back), Paid subscription (e.g: annual fee --> free shipping, early access, free trials), Point-based (e.g: spend €100 --> get €10 points)",Discounts,aquamarine,"cashback  (e.g: spend €100 --> get €5 back), paid subscription (e.g: annual fee --> free shipping, early access, free trials), point-based (e.g: spend €100 --> get €10 points)",1,0,1,1,0,0,3,utilitarian
119,0,5,Candy Pack,discount,9257,2,3,4,4,3,4,31-35,Male,3,3,5,"Cashback  (e.g: spend €100 --> get €5 back), Paid subscription (e.g: annual fee --> free shipping, early access, free trials), Point-based (e.g: spend €100 --> get €10 points)",Discounts,aquamarine,"cashback  (e.g: spend €100 --> get €5 back), paid subscription (e.g: annual fee --> free shipping, early access, free trials), point-based (e.g: spend €100 --> get €10 points)",1,0,1,1,0,0,3,hedonic
119,0,6,Nutella,discount,9667,3,3,4,4,3,4,31-35,Male,3,3,5,"Cashback  (e.g: spend €100 --> get €5 back), Paid subscription (e.g: annual fee --> free shipping, early access, free trials), Point-based (e.g: spend €100 --> get €10 points)",Discounts,aquamarine,"cashback  (e.g: spend €100 --> get €5 back), paid subscription (e.g: annual fee --> free shipping, early access, free trials), point-based (e.g: spend €100 --> get €10 points)",1,0,1,1,0,0,3,hedonic
119,0,7,Cleanser,discount,11497,3,3,4,4,3,4,31-35,Male,3,3,5,"Cashback  (e.g: spend €100 --> get €5 back), Paid subscription (e.g: annual fee --> free shipping, early access, free trials), Point-based (e.g: spend €100 --> get €10 points)",Discounts,aquamarine,"cashback  (e.g: spend €100 --> get €5 back), paid subscription (e.g: annual fee --> free shipping, early access, free trials), point-based (e.g: spend €100 --> get €10 points)",1,0,1,1,0,0,3,utilitarian
119,0,8,Toilet Paper,discount,22447,5,3,4,4,3,4,31-35,Male,3,3,5,"Cashback  (e.g: spend €100 --> get €5 back), Paid subscription (e.g: annual fee --> free shipping, early access, free trials), Point-based (e.g: spend €100 --> get €10 points)",Discounts,aquamarine,"cashback  (e.g: spend €100 --> get €5 back), paid subscription (e.g: annual fee --> free shipping, early access, free trials), point-based (e.g: spend €100 --> get €10 points)",1,0,1,1,0,0,3,utilitarian
119,0,9,Bleach,discount,13293,4,3,4,4,3,4,31-35,Male,3,3,5,"Cashback  (e.g: spend €100 --> get €5 back), Paid subscription (e.g: annual fee --> free shipping, early access, free trials), Point-based (e.g: spend €100 --> get €10 points)",Discounts,aquamarine,"cashback  (e.g: spend €100 --> get €5 back), paid subscription (e.g: annual fee --> free shipping, early access, free trials), point-based (e.g: spend €100 --> get €10 points)",1,0,1,1,0,0,3,utilitarian
114,0,0,Soap,points,22605,4,5,4,4,2,5,21-25,Male,5,4,5,Cashback  (e.g: spend €100 --> get €5 back),Points,aquamarine,cashback  (e.g: spend €100 --> get €5 back),1,0,0,0,0,0,1,utilitarian
114,0,1,Toilet Paper,points,12305,4,5,4,4,2,5,21-25,Male,5,4,5,Cashback  (e.g: spend €100 --> get €5 back),Points,aquamarine,cashback  (e.g: spend €100 --> get €5 back),1,0,0,0,0,0,1,utilitarian
114,0,2,Juice,discount,8859,4,5,4,4,2,5,21-25,Male,5,4,5,Cashback  (e.g: spend €100 --> get €5 back),Points,aquamarine,cashback  (e.g: spend €100 --> get €5 back),1,0,0,0,0,0,1,hedonic
114,0,3,Shampoo,points,6613,4,5,4,4,2,5,21-25,Male,5,4,5,Cashback  (e.g: spend €100 --> get €5 back),Points,aquamarine,cashback  (e.g: spend €100 --> get €5 back),1,0,0,0,0,0,1,utilitarian
114,0,4,Nutella,points,6389,5,5,4,4,2,5,21-25,Male,5,4,5,Cashback  (e.g: spend €100 --> get €5 back),Points,aquamarine,cashback  (e.g: spend €100 --> get €5 back),1,0,0,0,0,0,1,hedonic
114,0,5,Bleach,points,5570,5,5,4,4,2,5,21-25,Male,5,4,5,Cashback  (e.g: spend €100 --> get €5 back),Points,aquamarine,cashback  (e.g: spend €100 --> get €5 back),1,0,0,0,0,0,1,utilitarian
114,0,6,Cleanser,discount,4751,3,5,4,4,2,5,21-25,Male,5,4,5,Cashback  (e.g: spend €100 --> get €5 back),Points,aquamarine,cashback  (e.g: spend €100 --> get €5 back),1,0,0,0,0,0,1,utilitarian
114,0,7,Salt,points,6360,4,5,4,4,2,5,21-25,Male,5,4,5,Cashback  (e.g: spend €100 --> get €5 back),Points,aquamarine,cashback  (e.g: spend €100 --> get €5 back),1,0,0,0,0,0,1,hedonic
114,0,8,Candy Pack,points,4820,4,5,4,4,2,5,21-25,Male,5,4,5,Cashback  (e.g: spend €100 --> get €5 back),Points,aquamarine,cashback  (e.g: spend €100 --> get €5 back),1,0,0,0,0,0,1,hedonic
114,0,9,Coffee,points,5514,4,5,4,4,2,5,21-25,Male,5,4,5,Cashback  (e.g: spend €100 --> get €5 back),Points,aquamarine,cashback  (e.g: spend €100 --> get €5 back),1,0,0,0,0,0,1,hedonic
